Cont,Targ,Total,Type,it,l,m,mu,0.1,1.1,2.1,3.1,4.1,5.1,6.1,7.1,8.1,9.1,10.1,11.1,12.1,13.1,14.1,15.1,16.1,17.1,18.1,19.1,20.1,21.1,22.1,23.1,24.1,25.1,26.1,27.1,28.1,29.1,30.1,31.1,32.1,33.1,34.1,35.1,36.1,37.1,38.1,39.1,40.1,41.1,42.1,43.1,44.1,45.1,46.1,47.1,48.1,49.1,50.1
PU,SG,PU,L,1,1,-1,1,(-1.7757076+0.63474768j),(1.1629411-1.3536696j),(-0.67206736-1.5510867j),(-1.1575324-1.107067j),(-1.2756814-0.8222634j),(-1.2812193-0.65345031j),(-1.2458736-0.55363257j),(-1.194521-0.49578904j),(-1.1372859-0.4645849j),(-1.0788283-0.45093199j),(-1.0215038-0.44917215j),(-0.96658241-0.45561598j),(-0.914768-0.46775578j),(-0.8664413-0.48382351j),(-0.82178344-0.50253208j),(-0.78084396-0.52291827j),(-0.74358153-0.54424449j),(-0.70989018-0.56593542j),(-0.67961724-0.58753627j),(-0.65257642-0.60868475j),(-0.6285578-0.62909188j),(-0.60733584-0.64852853j),(-0.588676-0.66681581j),(-0.57234039-0.68381767j),(-0.55809256-0.69943523j),(-0.54570155-0.7136019j),(-0.53494519-0.72627923j),(-0.52561275-0.73745299j),(-0.51750696-0.7471296j),(-0.51044546-0.75533287j),(-0.50426146-0.76210091j),(-0.49880421-0.76748321j),(-0.49393887-0.77153823j),(-0.48954597-0.77433102j),(-0.48552088-0.77593124j),(-0.48177277-0.77641155j),(-0.47822364-0.77584598j),(-0.47480729-0.77430896j),(-0.47146809-0.77187415j),(-0.46816-0.7686138j),(-0.46484538-0.76459806j),(-0.46149414-0.7598946j),(-0.45808257-0.75456823j),(-0.45459276-0.74868072j),(-0.4510115-0.74229062j),(-0.44732985-0.73545326j),(-0.4435423-0.72822061j),(-0.43964632-0.72064152j),(-0.43564182-0.71276154j),(-0.43153069-0.70462323j),(-0.42731653-0.69626607j)
PU,SG,PU,L,1,1,1,-1,(-1.7757076+0.63474768j),(1.1629411-1.3536696j),(-0.67206736-1.5510867j),(-1.1575324-1.107067j),(-1.2756814-0.8222634j),(-1.2812193-0.65345031j),(-1.2458736-0.55363257j),(-1.194521-0.49578904j),(-1.1372859-0.4645849j),(-1.0788283-0.45093199j),(-1.0215038-0.44917215j),(-0.96658241-0.45561598j),(-0.914768-0.46775578j),(-0.8664413-0.48382351j),(-0.82178344-0.50253208j),(-0.78084396-0.52291827j),(-0.74358153-0.54424449j),(-0.70989018-0.56593542j),(-0.67961724-0.58753627j),(-0.65257642-0.60868475j),(-0.6285578-0.62909188j),(-0.60733584-0.64852853j),(-0.588676-0.66681581j),(-0.57234039-0.68381767j),(-0.55809256-0.69943523j),(-0.54570155-0.7136019j),(-0.53494519-0.72627923j),(-0.52561275-0.73745299j),(-0.51750696-0.7471296j),(-0.51044546-0.75533287j),(-0.50426146-0.76210091j),(-0.49880421-0.76748321j),(-0.49393887-0.77153823j),(-0.48954597-0.77433102j),(-0.48552088-0.77593124j),(-0.48177277-0.77641155j),(-0.47822364-0.77584598j),(-0.47480729-0.77430896j),(-0.47146809-0.77187415j),(-0.46816-0.7686138j),(-0.46484538-0.76459806j),(-0.46149414-0.7598946j),(-0.45808257-0.75456823j),(-0.45459276-0.74868072j),(-0.4510115-0.74229062j),(-0.44732985-0.73545326j),(-0.4435423-0.72822061j),(-0.43964632-0.72064152j),(-0.43564182-0.71276154j),(-0.43153069-0.70462323j),(-0.42731653-0.69626607j)
PU,SG,PU,L,1,3,-1,1,(0.075363389+0.6021713j),(-0.80272541-0.016978722j),(-0.072798769+0.96613172j),(0.62178534+0.92367734j),(1.0383115+0.68128701j),(1.2932252+0.41110179j),(1.4524474+0.15124511j),(1.5498416-0.090009762j),(1.6037399-0.31167223j),(1.6248872-0.51436619j),(1.6201976-0.69887631j),(1.5945771-0.86585297j),(1.5518258-1.0158272j),(1.4950869-1.1492841j),(1.4270721-1.2667249j),(1.3501736-1.3687037j),(1.2665227-1.4558433j),(1.1780219-1.5288366j),(1.0863643-1.5884403j),(0.99304778-1.6354647j),(0.89938642-1.6707618j),(0.80652001-1.6952125j),(0.71542349-1.7097149j),(0.62691622-1.7151718j),(0.54167153-1.7124791j),(0.46022694-1.7025157j),(0.38299504-1.6861331j),(0.31027487-1.6641472j),(0.24226381-1.6373312j),(0.17906977-1.6064101j),(0.12072333-1.5720569j),(0.067189261-1.53489j),(0.018377844-1.4954728j),(-0.025844754-1.4543134j),(-0.065647229-1.4118662j),(-0.10122443-1.3685345j),(-0.13279018-1.3246727j),(-0.16057081-1.2805898j),(-0.18479973-1.2365531j),(-0.20571308-1.1927912j),(-0.22354584-1.1494984j),(-0.2385292-1.1068375j),(-0.25088796-1.0649433j),(-0.26083909-1.0239262j),(-0.26859024-0.98387447j),(-0.27433903-0.94485749j),(-0.27827234-0.90692783j),(-0.28056622-0.87012372j),(-0.2813856-0.83447085j),(-0.28088455-0.7999843j),(-0.27920638-0.76666999j)
PU,SG,PU,L,1,3,1,-1,(0.075363389+0.6021713j),(-0.80272541-0.016978722j),(-0.072798769+0.96613172j),(0.62178534+0.92367734j),(1.0383115+0.68128701j),(1.2932252+0.41110179j),(1.4524474+0.15124511j),(1.5498416-0.090009762j),(1.6037399-0.31167223j),(1.6248872-0.51436619j),(1.6201976-0.69887631j),(1.5945771-0.86585297j),(1.5518258-1.0158272j),(1.4950869-1.1492841j),(1.4270721-1.2667249j),(1.3501736-1.3687037j),(1.2665227-1.4558433j),(1.1780219-1.5288366j),(1.0863643-1.5884403j),(0.99304778-1.6354647j),(0.89938642-1.6707618j),(0.80652001-1.6952125j),(0.71542349-1.7097149j),(0.62691622-1.7151718j),(0.54167153-1.7124791j),(0.46022694-1.7025157j),(0.38299504-1.6861331j),(0.31027487-1.6641472j),(0.24226381-1.6373312j),(0.17906977-1.6064101j),(0.12072333-1.5720569j),(0.067189261-1.53489j),(0.018377844-1.4954728j),(-0.025844754-1.4543134j),(-0.065647229-1.4118662j),(-0.10122443-1.3685345j),(-0.13279018-1.3246727j),(-0.16057081-1.2805898j),(-0.18479973-1.2365531j),(-0.20571308-1.1927912j),(-0.22354584-1.1494984j),(-0.2385292-1.1068375j),(-0.25088796-1.0649433j),(-0.26083909-1.0239262j),(-0.26859024-0.98387447j),(-0.27433903-0.94485749j),(-0.27827234-0.90692783j),(-0.28056622-0.87012372j),(-0.2813856-0.83447085j),(-0.28088455-0.7999843j),(-0.27920638-0.76666999j)
PU,SG,PU,L,1,5,-1,1,(8.2730333e-05-0.0009208486j),(0.0024267013-0.0021637782j),(-0.0036824105-0.0033902021j),(-0.0064637925-0.00061713001j),(-0.0078404789+0.0016253561j),(-0.009203455+0.0032737982j),(-0.011033057+0.0046479842j),(-0.013491077+0.0060369083j),(-0.016588762+0.0076857451j),(-0.020239239+0.009790565j),(-0.024291095+0.012487024j),(-0.028559793+0.01584499j),(-0.032855587+0.019872708j),(-0.037003585+0.024527615j),(-0.040856514+0.029730648j),(-0.044299914+0.035380245j),(-0.047252642+0.041364096j),(-0.049664313+0.047568237j),(-0.051511183+0.053883396j),(-0.052791578+0.060209045j),(-0.053521468+0.066455751j),(-0.053730445+0.07254632j),(-0.053458197+0.078416121j),(-0.052751466+0.084012857j),(-0.051661429+0.08929599j),(-0.050241501+0.094235954j),(-0.048545572+0.098813188j),(-0.046626536+0.10301696j),(-0.044534999+0.10684421j),(-0.042318399+0.11029852j),(-0.040020534+0.11338895j),(-0.037680986+0.11612877j),(-0.035334868+0.11853475j),(-0.033013021+0.12062609j),(-0.030741785+0.12242359j),(-0.028543364+0.12394918j),(-0.026436079+0.12522506j),(-0.024434468+0.12627351j),(-0.022549922+0.12711632j),(-0.020790646+0.12777457j),(-0.019162373+0.12826846j),(-0.01766832+0.12861702j),(-0.01630984+0.1288382j),(-0.015086385+0.12894859j),(-0.013996088+0.12896359j),(-0.013035692+0.12889729j),(-0.012201085+0.12876253j),(-0.011487189+0.12857095j),(-0.010888424+0.12833299j),(-0.010398614+0.12805807j),(-0.010011312+0.12775445j)
PU,SG,PU,L,1,5,1,-1,(8.2730333e-05-0.0009208486j),(0.0024267013-0.0021637782j),(-0.0036824105-0.0033902021j),(-0.0064637925-0.00061713001j),(-0.0078404789+0.0016253561j),(-0.009203455+0.0032737982j),(-0.011033057+0.0046479842j),(-0.013491077+0.0060369083j),(-0.016588762+0.0076857451j),(-0.020239239+0.009790565j),(-0.024291095+0.012487024j),(-0.028559793+0.01584499j),(-0.032855587+0.019872708j),(-0.037003585+0.024527615j),(-0.040856514+0.029730648j),(-0.044299914+0.035380245j),(-0.047252642+0.041364096j),(-0.049664313+0.047568237j),(-0.051511183+0.053883396j),(-0.052791578+0.060209045j),(-0.053521468+0.066455751j),(-0.053730445+0.07254632j),(-0.053458197+0.078416121j),(-0.052751466+0.084012857j),(-0.051661429+0.08929599j),(-0.050241501+0.094235954j),(-0.048545572+0.098813188j),(-0.046626536+0.10301696j),(-0.044534999+0.10684421j),(-0.042318399+0.11029852j),(-0.040020534+0.11338895j),(-0.037680986+0.11612877j),(-0.035334868+0.11853475j),(-0.033013021+0.12062609j),(-0.030741785+0.12242359j),(-0.028543364+0.12394918j),(-0.026436079+0.12522506j),(-0.024434468+0.12627351j),(-0.022549922+0.12711632j),(-0.020790646+0.12777457j),(-0.019162373+0.12826846j),(-0.01766832+0.12861702j),(-0.01630984+0.1288382j),(-0.015086385+0.12894859j),(-0.013996088+0.12896359j),(-0.013035692+0.12889729j),(-0.012201085+0.12876253j),(-0.011487189+0.12857095j),(-0.010888424+0.12833299j),(-0.010398614+0.12805807j),(-0.010011312+0.12775445j)
PU,SG,PU,L,1,7,-1,1,(-5.5754362e-06-9.3404516e-07j),(-2.1671045e-05+3.0018118e-05j),(6.9470404e-05-2.1293557e-05j),(-3.171347e-06-9.4608833e-05j),(-7.9515123e-05-5.7734491e-05j),(-8.7535338e-05+1.2812906e-05j),(-4.5981908e-05+6.3815754e-05j),(1.5256429e-05+8.6169787e-05j),(8.1603532e-05+9.0075429e-05j),(0.00015292833+8.651969e-05j),(0.00023575129+8.0140607e-05j),(0.00033669088+6.9166007e-05j),(0.00045911465+4.8169499e-05j),(0.00060248736+1.1052459e-05j),(0.00076330183-4.6918091e-05j),(0.00093653594-0.00012823056j),(0.0011169824-0.00023315876j),(0.0013001375-0.00036031497j),(0.0014826031-0.00050736867j),(0.0016621023-0.00067169015j),(0.0018372635-0.00085080107j),(0.0020073159-0.0010426092j),(0.0021717985-0.0012454631j),(0.0023303424-0.0014580867j),(0.002482543-0.0016794579j),(0.002627918-0.0019086809j),(0.0027659282-0.0021448789j),(0.0028960314-0.0023871219j),(0.0030177405-0.0026343994j),(0.0031306868-0.0028856352j),(0.0032346713-0.0031397074j),(0.0033296732-0.003395486j),(0.0034158576-0.0036518933j),(0.0034935735-0.0039079272j),(0.0035633052-0.004162696j),(0.0036256629-0.0044154519j),(0.0036813353-0.0046655758j),(0.0037310552-0.0049126078j),(0.0037755832-0.0051562129j),(0.0038156591-0.0053961918j),(0.0038520112-0.0056324501j),(0.0038853087-0.0058649915j),(0.0039161854-0.0060938958j),(0.0039451994-0.0063193071j),(0.0039728636-0.0065414145j),(0.0039996122-0.0067604467j),(0.0040258331-0.0069766499j),(0.004051842-0.0071902948j),(0.0040779086-0.007401647j),(0.004104245-0.007610988j),(0.0041310145-0.0078185796j)
PU,SG,PU,L,1,7,1,-1,(-5.5754362e-06-9.3404516e-07j),(-2.1671045e-05+3.0018118e-05j),(6.9470404e-05-2.1293557e-05j),(-3.171347e-06-9.4608833e-05j),(-7.9515123e-05-5.7734491e-05j),(-8.7535338e-05+1.2812906e-05j),(-4.5981908e-05+6.3815754e-05j),(1.5256429e-05+8.6169787e-05j),(8.1603532e-05+9.0075429e-05j),(0.00015292833+8.651969e-05j),(0.00023575129+8.0140607e-05j),(0.00033669088+6.9166007e-05j),(0.00045911465+4.8169499e-05j),(0.00060248736+1.1052459e-05j),(0.00076330183-4.6918091e-05j),(0.00093653594-0.00012823056j),(0.0011169824-0.00023315876j),(0.0013001375-0.00036031497j),(0.0014826031-0.00050736867j),(0.0016621023-0.00067169015j),(0.0018372635-0.00085080107j),(0.0020073159-0.0010426092j),(0.0021717985-0.0012454631j),(0.0023303424-0.0014580867j),(0.002482543-0.0016794579j),(0.002627918-0.0019086809j),(0.0027659282-0.0021448789j),(0.0028960314-0.0023871219j),(0.0030177405-0.0026343994j),(0.0031306868-0.0028856352j),(0.0032346713-0.0031397074j),(0.0033296732-0.003395486j),(0.0034158576-0.0036518933j),(0.0034935735-0.0039079272j),(0.0035633052-0.004162696j),(0.0036256629-0.0044154519j),(0.0036813353-0.0046655758j),(0.0037310552-0.0049126078j),(0.0037755832-0.0051562129j),(0.0038156591-0.0053961918j),(0.0038520112-0.0056324501j),(0.0038853087-0.0058649915j),(0.0039161854-0.0060938958j),(0.0039451994-0.0063193071j),(0.0039728636-0.0065414145j),(0.0039996122-0.0067604467j),(0.0040258331-0.0069766499j),(0.004051842-0.0071902948j),(0.0040779086-0.007401647j),(0.004104245-0.007610988j),(0.0041310145-0.0078185796j)
PU,SG,PU,L,1,9,-1,1,(6.9494194e-09-4.9806681e-08j),(-1.1196094e-06+7.9631298e-07j),(4.6620459e-06-1.6797086e-06j),(-3.2913674e-06-9.7659945e-06j),(-1.6278628e-05-3.0066164e-06j),(-1.8600522e-05+1.3452249e-05j),(-8.3378685e-06+2.7762141e-05j),(8.7209494e-06+3.3192376e-05j),(2.5923318e-05+2.8823305e-05j),(3.8663303e-05+1.7058329e-05j),(4.4804909e-05+1.3986571e-06j),(4.414597e-05-1.4867151e-05j),(3.7693314e-05-2.9249893e-05j),(2.7035218e-05-4.0207848e-05j),(1.388333e-05-4.7063492e-05j),(-2.2137901e-07-4.9815978e-05j),(-1.4067211e-05-4.8923962e-05j),(-2.6827929e-05-4.5101064e-05j),(-3.8047639e-05-3.9146506e-05j),(-4.758182e-05-3.1820591e-05j),(-5.5517281e-05-2.376583e-05j),(-6.2088547e-05-1.5468591e-05j),(-6.7602694e-05-7.2527343e-06j),(-7.2379487e-05+7.0453668e-07j),(-7.6709424e-05+8.3440254e-06j),(-8.0829147e-05+1.5690946e-05j),(-8.4911558e-05+2.2822164e-05j),(-8.9066846e-05+2.9838103e-05j),(-9.3350682e-05+3.6841512e-05j),(-9.7776567e-05+4.3923258e-05j),(-0.00010232898+5.1154047e-05j),(-0.00010697512+5.8581884e-05j),(-0.00011167552+6.6233455e-05j),(-0.00011639148+7.4116813e-05j),(-0.00012108951+8.2226559e-05j),(-0.00012574488+9.0548423e-05j),(-0.00013034144+9.9063187e-05j),(-0.00013487188+0.00010775121j),(-0.00013933604+0.00011659381j),(-0.00014373908+0.00012557634j),(-0.00014809017+0.00013468772j),(-0.00015239998+0.00014392202j),(-0.00015668032+0.00015327686j),(-0.00016094184+0.00016275421j),(-0.00016519455+0.00017235832j),(-0.00016944616+0.00018209635j),(-0.00017370288+0.00019197611j),(-0.00017796875+0.00020200716j),(-0.00018224596+0.00021219836j),(-0.00018653539+0.00022255941j),(-0.00019083592+0.00023309884j)
PU,SG,PU,L,1,9,1,-1,(6.9494194e-09-4.9806681e-08j),(-1.1196094e-06+7.9631298e-07j),(4.6620459e-06-1.6797086e-06j),(-3.2913674e-06-9.7659945e-06j),(-1.6278628e-05-3.0066164e-06j),(-1.8600522e-05+1.3452249e-05j),(-8.3378685e-06+2.7762141e-05j),(8.7209494e-06+3.3192376e-05j),(2.5923318e-05+2.8823305e-05j),(3.8663303e-05+1.7058329e-05j),(4.4804909e-05+1.3986571e-06j),(4.414597e-05-1.4867151e-05j),(3.7693314e-05-2.9249893e-05j),(2.7035218e-05-4.0207848e-05j),(1.388333e-05-4.7063492e-05j),(-2.2137901e-07-4.9815978e-05j),(-1.4067211e-05-4.8923962e-05j),(-2.6827929e-05-4.5101064e-05j),(-3.8047639e-05-3.9146506e-05j),(-4.758182e-05-3.1820591e-05j),(-5.5517281e-05-2.376583e-05j),(-6.2088547e-05-1.5468591e-05j),(-6.7602694e-05-7.2527343e-06j),(-7.2379487e-05+7.0453668e-07j),(-7.6709424e-05+8.3440254e-06j),(-8.0829147e-05+1.5690946e-05j),(-8.4911558e-05+2.2822164e-05j),(-8.9066846e-05+2.9838103e-05j),(-9.3350682e-05+3.6841512e-05j),(-9.7776567e-05+4.3923258e-05j),(-0.00010232898+5.1154047e-05j),(-0.00010697512+5.8581884e-05j),(-0.00011167552+6.6233455e-05j),(-0.00011639148+7.4116813e-05j),(-0.00012108951+8.2226559e-05j),(-0.00012574488+9.0548423e-05j),(-0.00013034144+9.9063187e-05j),(-0.00013487188+0.00010775121j),(-0.00013933604+0.00011659381j),(-0.00014373908+0.00012557634j),(-0.00014809017+0.00013468772j),(-0.00015239998+0.00014392202j),(-0.00015668032+0.00015327686j),(-0.00016094184+0.00016275421j),(-0.00016519455+0.00017235832j),(-0.00016944616+0.00018209635j),(-0.00017370288+0.00019197611j),(-0.00017796875+0.00020200716j),(-0.00018224596+0.00021219836j),(-0.00018653539+0.00022255941j),(-0.00019083592+0.00023309884j)
PU,SG,PU,L,1,11,-1,1,,(-2.2166421e-08+1.4897224e-08j),(1.4168322e-07-1.0108773e-07j),(-3.6722661e-07-3.6534348e-07j),(-9.7772162e-07+4.384097e-07j),(-4.0781032e-07+1.7564734e-06j),(1.3142519e-06+2.3166284e-06j),(3.2697352e-06+1.5084249e-06j),(4.5462775e-06-4.6239274e-07j),(4.6662005e-06-2.9718212e-06j),(3.6008668e-06-5.3618277e-06j),(1.6146913e-06-7.1472839e-06j),(-9.0462446e-07-8.0723014e-06j),(-3.5692078e-06-8.0823829e-06j),(-6.0595598e-06-7.2648315e-06j),(-8.150514e-06-5.7875648e-06j),(-9.7102828e-06-3.8498801e-06j),(-1.0685741e-05-1.6486584e-06j),(-1.1082956e-05+6.4149356e-07j),(-1.0948224e-05+2.8775353e-06j),(-1.0352085e-05+4.950247e-06j),(-9.3770535e-06+6.7823468e-06j),(-8.1088449e-06+8.324549e-06j),(-6.6304985e-06+9.5509003e-06j),(-5.0186922e-06+1.0454159e-05j),(-3.3416219e-06+1.1041596e-05j),(-1.6579511e-06+1.1331354e-05j),(-1.6474347e-08+1.1349342e-05j),(1.5437551e-06+1.1126623e-05j),(2.9929859e-06+1.0697236e-05j),(4.3100846e-06+1.0096395e-05j),(5.4816976e-06+9.3589937e-06j),(6.5013386e-06+8.5184202e-06j),(7.3683722e-06+7.6056698e-06j),(8.0869941e-06+6.648652e-06j),(8.6652467e-06+5.6717845e-06j),(9.1140134e-06+4.6957574e-06j),(9.4461595e-06+3.7374684e-06j),(9.6756893e-06+2.8101589e-06j),(9.8170597e-06+1.9235909e-06j),(9.8845861e-06+1.0844167e-06j),(9.8919648e-06+2.9650008e-07j),(9.8519366e-06-4.3861456e-07j),(9.7760218e-06-1.1213393e-06j),(9.6743985e-06-1.7535722e-06j),(9.5558217e-06-2.338377e-06j),(9.4276453e-06-2.8795705e-06j),(9.295883e-06-3.3814926e-06j),(9.1652969e-06-3.8486844e-06j),(9.0395586e-06-4.2857498e-06j),(8.9213389e-06-4.6971505e-06j)
PU,SG,PU,L,1,11,1,-1,,(-2.2166421e-08+1.4897224e-08j),(1.4168322e-07-1.0108773e-07j),(-3.6722661e-07-3.6534348e-07j),(-9.7772162e-07+4.384097e-07j),(-4.0781032e-07+1.7564734e-06j),(1.3142519e-06+2.3166284e-06j),(3.2697352e-06+1.5084249e-06j),(4.5462775e-06-4.6239274e-07j),(4.6662005e-06-2.9718212e-06j),(3.6008668e-06-5.3618277e-06j),(1.6146913e-06-7.1472839e-06j),(-9.0462446e-07-8.0723014e-06j),(-3.5692078e-06-8.0823829e-06j),(-6.0595598e-06-7.2648315e-06j),(-8.150514e-06-5.7875648e-06j),(-9.7102828e-06-3.8498801e-06j),(-1.0685741e-05-1.6486584e-06j),(-1.1082956e-05+6.4149356e-07j),(-1.0948224e-05+2.8775353e-06j),(-1.0352085e-05+4.950247e-06j),(-9.3770535e-06+6.7823468e-06j),(-8.1088449e-06+8.324549e-06j),(-6.6304985e-06+9.5509003e-06j),(-5.0186922e-06+1.0454159e-05j),(-3.3416219e-06+1.1041596e-05j),(-1.6579511e-06+1.1331354e-05j),(-1.6474347e-08+1.1349342e-05j),(1.5437551e-06+1.1126623e-05j),(2.9929859e-06+1.0697236e-05j),(4.3100846e-06+1.0096395e-05j),(5.4816976e-06+9.3589937e-06j),(6.5013386e-06+8.5184202e-06j),(7.3683722e-06+7.6056698e-06j),(8.0869941e-06+6.648652e-06j),(8.6652467e-06+5.6717845e-06j),(9.1140134e-06+4.6957574e-06j),(9.4461595e-06+3.7374684e-06j),(9.6756893e-06+2.8101589e-06j),(9.8170597e-06+1.9235909e-06j),(9.8845861e-06+1.0844167e-06j),(9.8919648e-06+2.9650008e-07j),(9.8519366e-06-4.3861456e-07j),(9.7760218e-06-1.1213393e-06j),(9.6743985e-06-1.7535722e-06j),(9.5558217e-06-2.338377e-06j),(9.4276453e-06-2.8795705e-06j),(9.295883e-06-3.3814926e-06j),(9.1652969e-06-3.8486844e-06j),(9.0395586e-06-4.2857498e-06j),(8.9213389e-06-4.6971505e-06j)
PU,SG,PU,V,1,1,-1,1,(-1.9403462+0.69465999j),(1.25854-1.4670488j),(-0.72345845-1.6647964j),(-1.2350585-1.1774102j),(-1.3515269-0.8666259j),(-1.3493602-0.68242381j),(-1.3057219-0.57278268j),(-1.2469451-0.50806731j),(-1.1834411-0.47159607j),(-1.1197828-0.45357821j),(-1.0581308-0.44798977j),(-0.99954952-0.45095557j),(-0.9445653-0.45987837j),(-0.89341953-0.47295017j),(-0.84619266-0.4888671j),(-0.80286724-0.50665738j),(-0.76336168-0.52557517j),(-0.7275493-0.54503347j),(-0.69526975-0.56456139j),(-0.66633656-0.58377653j),(-0.64054287-0.60236723j),(-0.6176664-0.62008075j),(-0.59747409-0.63671541j),(-0.57972674-0.65211475j),(-0.56418344-0.66616295j),(-0.55060591-0.67878086j),(-0.53876233-0.68992217j),(-0.52843071-0.69956953j),(-0.51940173-0.70773066j),(-0.51148091-0.71443464j),(-0.50448994-0.71972804j),(-0.4982676-0.72367127j),(-0.49267002-0.72633537j),(-0.48757029-0.72779884j),(-0.48285808-0.72814497j),(-0.47843847-0.72745962j),(-0.47423096-0.72582908j),(-0.47016817-0.72333873j),(-0.46619446-0.72007155j),(-0.46226478-0.71610737j),(-0.45834311-0.71152203j),(-0.45440153-0.706387j),(-0.45041884-0.70076906j),(-0.44637972-0.69473022j),(-0.4422736-0.68832761j),(-0.43809406-0.6816137j),(-0.43383785-0.67463631j),(-0.42950448-0.66743896j),(-0.42509554-0.66006094j),(-0.42061423-0.65253773j),(-0.41606509-0.64490113j)
PU,SG,PU,V,1,1,1,-1,(-1.9403462+0.69465999j),(1.25854-1.4670488j),(-0.72345845-1.6647964j),(-1.2350585-1.1774102j),(-1.3515269-0.8666259j),(-1.3493602-0.68242381j),(-1.3057219-0.57278268j),(-1.2469451-0.50806731j),(-1.1834411-0.47159607j),(-1.1197828-0.45357821j),(-1.0581308-0.44798977j),(-0.99954952-0.45095557j),(-0.9445653-0.45987837j),(-0.89341953-0.47295017j),(-0.84619266-0.4888671j),(-0.80286724-0.50665738j),(-0.76336168-0.52557517j),(-0.7275493-0.54503347j),(-0.69526975-0.56456139j),(-0.66633656-0.58377653j),(-0.64054287-0.60236723j),(-0.6176664-0.62008075j),(-0.59747409-0.63671541j),(-0.57972674-0.65211475j),(-0.56418344-0.66616295j),(-0.55060591-0.67878086j),(-0.53876233-0.68992217j),(-0.52843071-0.69956953j),(-0.51940173-0.70773066j),(-0.51148091-0.71443464j),(-0.50448994-0.71972804j),(-0.4982676-0.72367127j),(-0.49267002-0.72633537j),(-0.48757029-0.72779884j),(-0.48285808-0.72814497j),(-0.47843847-0.72745962j),(-0.47423096-0.72582908j),(-0.47016817-0.72333873j),(-0.46619446-0.72007155j),(-0.46226478-0.71610737j),(-0.45834311-0.71152203j),(-0.45440153-0.706387j),(-0.45041884-0.70076906j),(-0.44637972-0.69473022j),(-0.4422736-0.68832761j),(-0.43809406-0.6816137j),(-0.43383785-0.67463631j),(-0.42950448-0.66743896j),(-0.42509554-0.66006094j),(-0.42061423-0.65253773j),(-0.41606509-0.64490113j)
PU,SG,PU,V,1,3,-1,1,(0.068357004+0.57116729j),(-0.77322478-0.019394247j),(-0.073996191+0.93698237j),(0.60033384+0.89884756j),(1.0021704+0.66308849j),(1.2431198+0.40084614j),(1.3888408+0.15094108j),(1.4740541-0.078382303j),(1.5179273-0.28669324j),(1.5317238-0.47537949j),(1.5225394-0.64598252j),(1.4951889-0.7997903j),(1.4531904-0.93780441j),(1.3992943-1.0608054j),(1.3357726-1.1694296j),(1.2645809-1.2642337j),(1.187451-1.3457425j),(1.1059425-1.4144832j),(1.0214724-1.4710084j),(0.93533002-1.5159104j),(0.84868288-1.5498288j),(0.76257858-1.5734517j),(0.67794352-1.5875122j),(0.5955814-1.5927805j),(0.51617266-1.5900539j),(0.4402757-1.580144j),(0.36833035-1.5638631j),(0.30066366-1.5420116j),(0.23749779-1.5153651j),(0.17895983-1.4846646j),(0.12509271-1.4506074j),(0.075866581-1.4138405j),(0.031190743-1.3749569j),(-0.0090749926-1.3344924j),(-0.045109724-1.2929257j),(-0.077121387-1.2506793j),(-0.10533824-1.2081212j),(-0.13000119-1.1655687j),(-0.15135733-1.1232909j),(-0.16965478-1.0815139j),(-0.18513828-1.0404242j),(-0.19804601-1.000173j),(-0.20860693-0.96088059j),(-0.21703918-0.92263974j),(-0.22354864-0.88551969j),(-0.22832844-0.84956934j),(-0.23155847-0.81482023j),(-0.23340545-0.78128933j),(-0.23402312-0.74898132j),(-0.23355265-0.71789084j),(-0.23212318-0.68800423j)
PU,SG,PU,V,1,3,1,-1,(0.068357004+0.57116729j),(-0.77322478-0.019394247j),(-0.073996191+0.93698237j),(0.60033384+0.89884756j),(1.0021704+0.66308849j),(1.2431198+0.40084614j),(1.3888408+0.15094108j),(1.4740541-0.078382303j),(1.5179273-0.28669324j),(1.5317238-0.47537949j),(1.5225394-0.64598252j),(1.4951889-0.7997903j),(1.4531904-0.93780441j),(1.3992943-1.0608054j),(1.3357726-1.1694296j),(1.2645809-1.2642337j),(1.187451-1.3457425j),(1.1059425-1.4144832j),(1.0214724-1.4710084j),(0.93533002-1.5159104j),(0.84868288-1.5498288j),(0.76257858-1.5734517j),(0.67794352-1.5875122j),(0.5955814-1.5927805j),(0.51617266-1.5900539j),(0.4402757-1.580144j),(0.36833035-1.5638631j),(0.30066366-1.5420116j),(0.23749779-1.5153651j),(0.17895983-1.4846646j),(0.12509271-1.4506074j),(0.075866581-1.4138405j),(0.031190743-1.3749569j),(-0.0090749926-1.3344924j),(-0.045109724-1.2929257j),(-0.077121387-1.2506793j),(-0.10533824-1.2081212j),(-0.13000119-1.1655687j),(-0.15135733-1.1232909j),(-0.16965478-1.0815139j),(-0.18513828-1.0404242j),(-0.19804601-1.000173j),(-0.20860693-0.96088059j),(-0.21703918-0.92263974j),(-0.22354864-0.88551969j),(-0.22832844-0.84956934j),(-0.23155847-0.81482023j),(-0.23340545-0.78128933j),(-0.23402312-0.74898132j),(-0.23355265-0.71789084j),(-0.23212318-0.68800423j)
PU,SG,PU,V,1,5,-1,1,(0.0004106798-0.00050744417j),(0.0024668894-0.00054640418j),(-0.00082912216-0.0041708581j),(-0.004396388-0.0045190784j),(-0.0078315483-0.0042233669j),(-0.011497162-0.0034848334j),(-0.015432134-0.0022665044j),(-0.019599682-0.00053329801j),(-0.023936841+0.0017521623j),(-0.028354624+0.0046237255j),(-0.032741979+0.0080971984j),(-0.036977407+0.01216032j),(-0.040942922+0.016770912j),(-0.044534746+0.02186092j),(-0.047670373+0.027343932j),(-0.050290991+0.033123137j),(-0.052361226+0.039098174j),(-0.053867074+0.045170592j),(-0.054812945+0.051247717j),(-0.055218474+0.057245197j),(-0.055115446+0.063088555j),(-0.05454495+0.068714032j),(-0.053554812+0.074068912j),(-0.052197285+0.079111458j),(-0.05052697+0.08381056j),(-0.048599003+0.088145172j),(-0.046467547+0.092103524j),(-0.044184523+0.095682085j),(-0.041798471+0.098884478j),(-0.0393538+0.10172049j),(-0.036890432+0.10420487j),(-0.034443365+0.10635608j),(-0.032042566+0.10819549j),(-0.029713288+0.10974636j),(-0.027476015+0.11103287j),(-0.025346952+0.11207974j),(-0.023338413+0.11291131j),(-0.021459063+0.1135514j),(-0.019714634+0.11402274j),(-0.018108013+0.11434683j),(-0.016639988+0.11454378j),(-0.015309298+0.11463216j),(-0.014113287+0.114629j),(-0.013047918+0.11454976j),(-0.012108333+0.1144084j),(-0.011288803+0.1142174j),(-0.010583218+0.11398785j),(-0.0099849824+0.11372956j),(-0.0094874198+0.1134511j),(-0.0090836666+0.11315997j),(-0.0087669427+0.11286257j)
PU,SG,PU,V,1,5,1,-1,(0.0004106798-0.00050744417j),(0.0024668894-0.00054640418j),(-0.00082912216-0.0041708581j),(-0.004396388-0.0045190784j),(-0.0078315483-0.0042233669j),(-0.011497162-0.0034848334j),(-0.015432134-0.0022665044j),(-0.019599682-0.00053329801j),(-0.023936841+0.0017521623j),(-0.028354624+0.0046237255j),(-0.032741979+0.0080971984j),(-0.036977407+0.01216032j),(-0.040942922+0.016770912j),(-0.044534746+0.02186092j),(-0.047670373+0.027343932j),(-0.050290991+0.033123137j),(-0.052361226+0.039098174j),(-0.053867074+0.045170592j),(-0.054812945+0.051247717j),(-0.055218474+0.057245197j),(-0.055115446+0.063088555j),(-0.05454495+0.068714032j),(-0.053554812+0.074068912j),(-0.052197285+0.079111458j),(-0.05052697+0.08381056j),(-0.048599003+0.088145172j),(-0.046467547+0.092103524j),(-0.044184523+0.095682085j),(-0.041798471+0.098884478j),(-0.0393538+0.10172049j),(-0.036890432+0.10420487j),(-0.034443365+0.10635608j),(-0.032042566+0.10819549j),(-0.029713288+0.10974636j),(-0.027476015+0.11103287j),(-0.025346952+0.11207974j),(-0.023338413+0.11291131j),(-0.021459063+0.1135514j),(-0.019714634+0.11402274j),(-0.018108013+0.11434683j),(-0.016639988+0.11454378j),(-0.015309298+0.11463216j),(-0.014113287+0.114629j),(-0.013047918+0.11454976j),(-0.012108333+0.1144084j),(-0.011288803+0.1142174j),(-0.010583218+0.11398785j),(-0.0099849824+0.11372956j),(-0.0094874198+0.1134511j),(-0.0090836666+0.11315997j),(-0.0087669427+0.11286257j)
PU,SG,PU,V,1,7,-1,1,(-5.7698279e-06-1.0951806e-06j),(-2.2199153e-05+2.7482677e-05j),(6.0668092e-05-1.8160339e-05j),(-1.1122119e-05-7.5552738e-05j),(-7.5389612e-05-2.3050079e-05j),(-6.4790823e-05+5.7899192e-05j),(-2.4173589e-06+0.00011323944j),(7.880379e-05+0.00013411085j),(0.00016172779+0.00013106294j),(0.00024368734+0.00011573071j),(0.0003288686+9.3980716e-05j),(0.00042212551+6.5816259e-05j),(0.00052586739+2.7850298e-05j),(0.00063941137-2.4055329e-05j),(0.00075974726-9.2998785e-05j),(0.00088276308-0.00018026863j),(0.001004363-0.00028536245j),(0.0011212082-0.00040646099j),(0.0012310375-0.00054104917j),(0.0013326526-0.00068647427j),(0.0014257008-0.0008403364j),(0.0015103781-0.0010006884j),(0.0015871474-0.0011660743j),(0.0016565224-0.0013354588j),(0.0017189369-0.001508105j),(0.0017746949-0.0016834455j),(0.0018239826-0.0018609732j),(0.0018669126-0.0020401639j),(0.001903575-0.0022204431j),(0.0019340955-0.0024011912j),(0.0019586826-0.0025817557j),(0.0019776377-0.0027614797j),(0.0019913638-0.0029397524j),(0.0020003668-0.0031160252j),(0.0020052147-0.0032898394j),(0.0020065334-0.0034608522j),(0.0020049684-0.003628819j),(0.0020011589-0.0037936182j),(0.0019957294-0.0039552172j),(0.0019892516-0.0041136802j),(0.0019822588-0.0042691392j),(0.0019752098-0.0044217879j),(0.0019685155-0.0045718618j),(0.0019625081-0.0047196281j),(0.0019574735-0.0048653706j),(0.0019536254-0.0050093855j),(0.0019511379-0.0051519644j),(0.0019501254-0.0052934024j),(0.0019506689-0.0054339733j),(0.0019528066-0.0055739514j),(0.0019565442-0.0057135815j)
PU,SG,PU,V,1,7,1,-1,(-5.7698279e-06-1.0951806e-06j),(-2.2199153e-05+2.7482677e-05j),(6.0668092e-05-1.8160339e-05j),(-1.1122119e-05-7.5552738e-05j),(-7.5389612e-05-2.3050079e-05j),(-6.4790823e-05+5.7899192e-05j),(-2.4173589e-06+0.00011323944j),(7.880379e-05+0.00013411085j),(0.00016172779+0.00013106294j),(0.00024368734+0.00011573071j),(0.0003288686+9.3980716e-05j),(0.00042212551+6.5816259e-05j),(0.00052586739+2.7850298e-05j),(0.00063941137-2.4055329e-05j),(0.00075974726-9.2998785e-05j),(0.00088276308-0.00018026863j),(0.001004363-0.00028536245j),(0.0011212082-0.00040646099j),(0.0012310375-0.00054104917j),(0.0013326526-0.00068647427j),(0.0014257008-0.0008403364j),(0.0015103781-0.0010006884j),(0.0015871474-0.0011660743j),(0.0016565224-0.0013354588j),(0.0017189369-0.001508105j),(0.0017746949-0.0016834455j),(0.0018239826-0.0018609732j),(0.0018669126-0.0020401639j),(0.001903575-0.0022204431j),(0.0019340955-0.0024011912j),(0.0019586826-0.0025817557j),(0.0019776377-0.0027614797j),(0.0019913638-0.0029397524j),(0.0020003668-0.0031160252j),(0.0020052147-0.0032898394j),(0.0020065334-0.0034608522j),(0.0020049684-0.003628819j),(0.0020011589-0.0037936182j),(0.0019957294-0.0039552172j),(0.0019892516-0.0041136802j),(0.0019822588-0.0042691392j),(0.0019752098-0.0044217879j),(0.0019685155-0.0045718618j),(0.0019625081-0.0047196281j),(0.0019574735-0.0048653706j),(0.0019536254-0.0050093855j),(0.0019511379-0.0051519644j),(0.0019501254-0.0052934024j),(0.0019506689-0.0054339733j),(0.0019528066-0.0055739514j),(0.0019565442-0.0057135815j)
PU,SG,PU,V,1,9,-1,1,(6.6177032e-09-5.1509869e-08j),(-1.1459613e-06+8.1917231e-07j),(4.760669e-06-1.6972467e-06j),(-3.2552988e-06-9.9172275e-06j),(-1.630171e-05-3.2067424e-06j),(-1.8660656e-05+1.3091736e-05j),(-8.6265679e-06+2.7124904e-05j),(7.9182709e-06+3.238044e-05j),(2.4444653e-05+2.8158189e-05j),(3.6586912e-05+1.6939715e-05j),(4.2437997e-05+2.1520749e-06j),(4.1937634e-05-1.3082433e-05j),(3.6131105e-05-2.6461034e-05j),(2.6563661e-05-3.659605e-05j),(1.4859097e-05-4.2906698e-05j),(2.4605688e-06-4.5429862e-05j),(-9.5034127e-06-4.4615578e-05j),(-2.0262801e-05-4.114077e-05j),(-2.938888e-05-3.5757409e-05j),(-3.6740073e-05-2.9181266e-05j),(-4.2389882e-05-2.2020929e-05j),(-4.6551646e-05-1.4742483e-05j),(-4.9510383e-05-7.6626289e-06j),(-5.1567829e-05-9.6190254e-07j),(-5.3003228e-05+5.2901087e-06j),(-5.4049667e-05+1.1104582e-05j),(-5.4883864e-05+1.6543593e-05j),(-5.5626118e-05+2.1694145e-05j),(-5.6347043e-05+2.6648258e-05j),(-5.707828e-05+3.1489486e-05j),(-5.782426e-05+3.6284956e-05j),(-5.8572795e-05+4.1082545e-05j),(-5.9304485e-05+4.5911872e-05j),(-5.999958e-05+5.0786637e-05j),(-6.0641902e-05+5.5708928e-05j),(-6.1221874e-05+6.0673442e-05j),(-6.1736577e-05+6.5670783e-05j),(-6.2189578e-05+7.0691363e-05j),(-6.2589743e-05+7.5726678e-05j),(-6.2949307e-05+8.0771665e-05j),(-6.3282921e-05+8.582449e-05j),(-6.3605356e-05+9.0887415e-05j),(-6.3931305e-05+9.5965779e-05j),(-6.4273456e-05+0.00010106809j),(-6.4643012e-05+0.00010620463j),(-6.5048351e-05+0.00011138755j),(-6.5495922e-05+0.00011662926j),(-6.598956e-05+0.00012194295j),(-6.6531198e-05+0.00012734093j),(-6.7121025e-05+0.00013283563j),(-6.7757423e-05+0.00013843802j)
PU,SG,PU,V,1,9,1,-1,(6.6177032e-09-5.1509869e-08j),(-1.1459613e-06+8.1917231e-07j),(4.760669e-06-1.6972467e-06j),(-3.2552988e-06-9.9172275e-06j),(-1.630171e-05-3.2067424e-06j),(-1.8660656e-05+1.3091736e-05j),(-8.6265679e-06+2.7124904e-05j),(7.9182709e-06+3.238044e-05j),(2.4444653e-05+2.8158189e-05j),(3.6586912e-05+1.6939715e-05j),(4.2437997e-05+2.1520749e-06j),(4.1937634e-05-1.3082433e-05j),(3.6131105e-05-2.6461034e-05j),(2.6563661e-05-3.659605e-05j),(1.4859097e-05-4.2906698e-05j),(2.4605688e-06-4.5429862e-05j),(-9.5034127e-06-4.4615578e-05j),(-2.0262801e-05-4.114077e-05j),(-2.938888e-05-3.5757409e-05j),(-3.6740073e-05-2.9181266e-05j),(-4.2389882e-05-2.2020929e-05j),(-4.6551646e-05-1.4742483e-05j),(-4.9510383e-05-7.6626289e-06j),(-5.1567829e-05-9.6190254e-07j),(-5.3003228e-05+5.2901087e-06j),(-5.4049667e-05+1.1104582e-05j),(-5.4883864e-05+1.6543593e-05j),(-5.5626118e-05+2.1694145e-05j),(-5.6347043e-05+2.6648258e-05j),(-5.707828e-05+3.1489486e-05j),(-5.782426e-05+3.6284956e-05j),(-5.8572795e-05+4.1082545e-05j),(-5.9304485e-05+4.5911872e-05j),(-5.999958e-05+5.0786637e-05j),(-6.0641902e-05+5.5708928e-05j),(-6.1221874e-05+6.0673442e-05j),(-6.1736577e-05+6.5670783e-05j),(-6.2189578e-05+7.0691363e-05j),(-6.2589743e-05+7.5726678e-05j),(-6.2949307e-05+8.0771665e-05j),(-6.3282921e-05+8.582449e-05j),(-6.3605356e-05+9.0887415e-05j),(-6.3931305e-05+9.5965779e-05j),(-6.4273456e-05+0.00010106809j),(-6.4643012e-05+0.00010620463j),(-6.5048351e-05+0.00011138755j),(-6.5495922e-05+0.00011662926j),(-6.598956e-05+0.00012194295j),(-6.6531198e-05+0.00012734093j),(-6.7121025e-05+0.00013283563j),(-6.7757423e-05+0.00013843802j)
PU,SG,PU,V,1,11,-1,1,,(-2.2462645e-08+1.529698e-08j),(1.4358297e-07-1.0257807e-07j),(-3.6965071e-07-3.6981545e-07j),(-9.8383786e-07+4.3467072e-07j),(-4.2060163e-07+1.7482864e-06j),(1.2776045e-06+2.3067929e-06j),(3.1947645e-06+1.5217385e-06j),(4.4411107e-06-3.8900827e-07j),(4.5645393e-06-2.8100629e-06j),(3.5499299e-06-5.1065354e-06j),(1.658915e-06-6.818746e-06j),(-7.3575497e-07-7.709269e-06j),(-3.2662591e-06-7.731471e-06j),(-5.6321517e-06-6.9708358e-06j),(-7.622747e-06-5.5869369e-06j),(-9.1150352e-06-3.7676925e-06j),(-1.0059488e-05-1.6983287e-06j),(-1.0461894e-05+4.567844e-07j),(-1.0365832e-05+2.5626902e-06j),(-9.8379034e-06+4.5160323e-06j),(-8.9563152e-06+6.2434739e-06j),(-7.8026158e-06+7.6981967e-06j),(-6.45605e-06+8.8556653e-06j),(-4.9899308e-06+9.7093543e-06j),(-3.4694785e-06+1.0266792e-05j),(-1.9506944e-06+1.0546061e-05j),(-4.7995089e-07+1.0572771e-05j),(9.0593119e-07+1.037747e-05j),(2.1792609e-06+9.9934742e-06j),(3.3207914e-06+9.4550647e-06j),(4.318864e-06+8.7959984e-06j),(5.1684573e-06+8.0483489e-06j),(5.8701468e-06+7.2416414e-06j),(6.4290619e-06+6.4022195e-06j),(6.8538794e-06+5.5528811e-06j),(7.1558354e-06+4.7127043e-06j),(7.3478623e-06+3.8970416e-06j),(7.4437904e-06+3.1176917e-06j),(7.4576861e-06+2.3831356e-06j),(7.4033081e-06+1.6989096e-06j),(7.293673e-06+1.0679697e-06j),(7.1407631e-06+4.9113658e-07j),(6.9553065e-06-3.2516245e-08j),(6.7466877e-06-5.052375e-07j),(6.5228981e-06-9.3026364e-07j),(6.2905836e-06-1.3114636e-06j),(6.0551115e-06-1.6530986e-06j),(5.8206861e-06-1.959557e-06j),(5.5904864e-06-2.2352132e-06j),(5.3667894e-06-2.484258e-06j)
PU,SG,PU,V,1,11,1,-1,,(-2.2462645e-08+1.529698e-08j),(1.4358297e-07-1.0257807e-07j),(-3.6965071e-07-3.6981545e-07j),(-9.8383786e-07+4.3467072e-07j),(-4.2060163e-07+1.7482864e-06j),(1.2776045e-06+2.3067929e-06j),(3.1947645e-06+1.5217385e-06j),(4.4411107e-06-3.8900827e-07j),(4.5645393e-06-2.8100629e-06j),(3.5499299e-06-5.1065354e-06j),(1.658915e-06-6.818746e-06j),(-7.3575497e-07-7.709269e-06j),(-3.2662591e-06-7.731471e-06j),(-5.6321517e-06-6.9708358e-06j),(-7.622747e-06-5.5869369e-06j),(-9.1150352e-06-3.7676925e-06j),(-1.0059488e-05-1.6983287e-06j),(-1.0461894e-05+4.567844e-07j),(-1.0365832e-05+2.5626902e-06j),(-9.8379034e-06+4.5160323e-06j),(-8.9563152e-06+6.2434739e-06j),(-7.8026158e-06+7.6981967e-06j),(-6.45605e-06+8.8556653e-06j),(-4.9899308e-06+9.7093543e-06j),(-3.4694785e-06+1.0266792e-05j),(-1.9506944e-06+1.0546061e-05j),(-4.7995089e-07+1.0572771e-05j),(9.0593119e-07+1.037747e-05j),(2.1792609e-06+9.9934742e-06j),(3.3207914e-06+9.4550647e-06j),(4.318864e-06+8.7959984e-06j),(5.1684573e-06+8.0483489e-06j),(5.8701468e-06+7.2416414e-06j),(6.4290619e-06+6.4022195e-06j),(6.8538794e-06+5.5528811e-06j),(7.1558354e-06+4.7127043e-06j),(7.3478623e-06+3.8970416e-06j),(7.4437904e-06+3.1176917e-06j),(7.4576861e-06+2.3831356e-06j),(7.4033081e-06+1.6989096e-06j),(7.293673e-06+1.0679697e-06j),(7.1407631e-06+4.9113658e-07j),(6.9553065e-06-3.2516245e-08j),(6.7466877e-06-5.052375e-07j),(6.5228981e-06-9.3026364e-07j),(6.2905836e-06-1.3114636e-06j),(6.0551115e-06-1.6530986e-06j),(5.8206861e-06-1.959557e-06j),(5.5904864e-06-2.2352132e-06j),
SU,SG,SU,L,1,1,0,0,(2.7363206-0.092696864j),(-2.3170597+1.3587362j),(0.16888467+2.6389559j),(1.1451446+2.3444384j),(1.5453053+2.063919j),(1.7349593+1.8697035j),(1.8352774+1.7349885j),(1.8944567+1.6349595j),(1.9346559+1.551998j),(1.9666726+1.4730911j),(1.9948424+1.3877886j),(2.0184371+1.287452j),(2.0318988+1.1659178j),(2.025476+1.0215176j),(1.9877414+0.85955429j),(1.910426+0.6930094j),(1.7934459+0.53923486j),(1.6462227+0.41341163j),(1.4838082+0.32311159j),(1.3208927+0.26747622j),(1.1678211+0.24022609j),(1.0298517+0.23339774j),(0.90837862+0.23978588j),(0.8025547+0.25387644j),(0.7105403+0.27185837j),(0.63024754+0.29127708j),(0.55970677+0.31064033j),(0.49720862+0.32909379j),(0.44133188+0.34618736j),(0.39092155+0.36171818j),(0.34504966+0.37562973j),(0.30297438+0.38794845j),(0.26410337+0.39874497j),(0.22796314+0.40811089j),(0.19417429+0.41614517j),(0.1624319+0.42294647j),(0.13249002+0.42860908j),(0.10414961+0.43322107j),(0.077248926+0.43686357j),(0.051656036+0.43961086j),(0.027262855+0.44153073j),(0.0039803903+0.44268512j),(-0.018265009+0.44313069j),(-0.039534725+0.44291947j),(-0.059880273+0.44209941j),(-0.079345322+0.44071491j),(-0.097967241+0.43880725j),(-0.11577845+0.43641497j),(-0.13280743+0.43357421j),(-0.1490796+0.43031896j),(-0.16461802+0.42668132j)
SU,SG,SU,L,1,3,0,0,(-0.17158793-0.79529163j),(1.1057219-0.087176248j),(-0.050238954-1.3759697j),(-1.0713075-1.2248609j),(-1.6919843-0.78928789j),(-2.079262-0.2949613j),(-2.318548+0.21257556j),(-2.4464222+0.72580775j),(-2.4741723+1.243974j),(-2.3988173+1.7634153j),(-2.2093442+2.2723936j),(-1.8927444+2.7467763j),(-1.4427623+3.1473409j),(-0.87201241+3.4224231j),(-0.22321145+3.5206146j),(0.43054005+3.4130941j),(1.0046303+3.1135906j),(1.4338058+2.6785682j),(1.6936227+2.1844294j),(1.7988501+1.6989834j),(1.7859786+1.2655208j),(1.6952116+0.90252831j),(1.5601594+0.61137033j),(1.4048724+0.38454012j),(1.2448188+0.2113988j),(1.0890955+0.08128757j),(0.94253995-0.015138512j),(0.80733305-0.08554557j),(0.68408856-0.13599981j),(0.5725484-0.17120751j),(0.47200804-0.19478244j),(0.3815675-0.20948673j),(0.30027423-0.21742979j),(0.22720093-0.2202248j),(0.16148413-0.21910893j),(0.10234059-0.21503478j),(0.04907105-0.20873896j),(0.0010570207-0.2007938j),(-0.042245444-0.19164608j),(-0.081313581-0.18164623j),(-0.11656575-0.17107028j),(-0.1483691-0.16013651j),(-0.17704636-0.14901804j),(-0.20288209-0.13785257j),(-0.22612799-0.12674962j),(-0.24700756-0.11579639j),(-0.26572012-0.10506198j),(-0.28244409-0.094601044j),(-0.29734004-0.084456301j),(-0.31055292-0.074660789j),(-0.32221436-0.065239532j)
SU,SG,SU,L,1,5,0,0,(-3.4373474e-05+0.0014985719j),(-0.0033643934+0.0036887613j),(0.0061798296+0.0045554102j),(0.010098078-0.00014565715j),(0.012103237-0.004029945j),(0.014200942-0.0073598j),(0.016957701-0.010784355j),(0.020448177-0.014884288j),(0.024442713-0.020186852j),(0.028419914-0.027115886j),(0.031577462-0.035874764j),(0.032901351-0.046284651j),(0.031349891-0.057613285j),(0.026198382-0.068489431j),(0.017497464-0.077078641j),(0.0063882905-0.081641769j),(-0.0050855482-0.081293525j),(-0.014730664-0.076438565j),(-0.021040637-0.068516219j),(-0.023549612-0.059289905j),(-0.022627623-0.050225897j),(-0.019050873-0.042244342j),(-0.013651038-0.035767578j),(-0.0071348889-0.030880917j),(-3.3406511e-05-0.027485205j),(0.0072841138-0.02540183j),(0.014574786-0.024433009j),(0.021686615-0.024391529j),(0.028529772-0.025112706j),(0.035055465-0.026457196j),(0.041241328-0.028309644j),(0.047081614-0.030575572j),(0.052580582-0.033177908j),(0.057748238-0.036053874j),(0.062597654-0.039152135j),(0.067143138-0.042430477j),(0.071399228-0.045853977j),(0.075380033-0.04939341j),(0.079098863-0.053024125j),(0.082568111-0.056725044j),(0.085799148-0.060477949j),(0.088802408-0.06426691j),(0.091587402-0.068077814j),(0.094162858-0.071898058j),(0.096536778-0.07571625j),(0.098716583-0.079522051j),(0.10070916-0.083305985j),(0.10252102-0.087059363j),(0.10415829-0.090774176j),(0.10562686-0.094443043j),(0.10693238-0.098059175j)
SU,SG,SU,L,1,7,0,0,(4.3715221e-06+1.7304487e-06j),(2.2790843e-05-2.5199736e-05j),(-6.8159506e-05+1.3929292e-05j),(-5.0077832e-06+8.9488706e-05j),(6.6062467e-05+5.5234584e-05j),(6.3629325e-05-1.2715129e-05j),(7.1651216e-06-5.4643633e-05j),(-6.8676396e-05-6.1178749e-05j),(-0.00014852188-4.6160637e-05j),(-0.00023606811-2.1963765e-05j),(-0.0003420158+1.1143224e-05j),(-0.00047192565+6.4169273e-05j),(-0.00061898251+0.00015158036j),(-0.00076391203+0.00028057716j),(-0.00088292443+0.0004424705j),(-0.00096103943+0.00061201721j),(-0.0010027842+0.00075782201j),(-0.0010313678+0.0008580567j),(-0.0010765116+0.00090978888j),(-0.001161046+0.00092628568j),(-0.0012950085+0.00092750104j),(-0.0014773895+0.00093174187j),(-0.0017009256+0.00095187041j),(-0.0019563144+0.00099510143j),(-0.002234706+0.0010643752j),(-0.0025287412+0.0011599458j),(-0.0028327358+0.0012806325j),(-0.0031424789+0.0014246404j),(-0.0034549124+0.0015900386j),(-0.0037678246+0.0017750022j),(-0.004079597+0.001977907j),(-0.0043890113+0.002197353j),(-0.0046951233+0.0024321479j),(-0.0049971692+0.002681264j),(-0.0052945042+0.0029438135j),(-0.0055865785+0.0032190074j),(-0.0058728981+0.0035061277j),(-0.0061530284+0.0038045172j),(-0.0064265741+0.004113545j),(-0.0066931793+0.0044326197j),(-0.006952525+0.004761155j),(-0.0072043195+0.0050985923j),(-0.0074483063+0.0054443684j),(-0.0076842482+0.005797943j),(-0.0079119388+0.0061587655j),(-0.0081311885+0.0065263072j),(-0.0083418302+0.0069000245j),(-0.0085437168+0.0072793959j),(-0.0087367124+0.007663884j),(-0.0089207091+0.0080529698j),(-0.009095599+0.0084461257j)
SU,SG,SU,L,1,9,0,0,(-1.9745834e-08+5.3959963e-08j),(1.4721343e-06-7.2381781e-07j),(-5.9683581e-06+1.3988785e-06j),(3.3351886e-06+1.2754766e-05j),(2.1426045e-05+4.4289711e-06j),(2.4824639e-05-1.9110027e-05j),(8.3655342e-06-3.997516e-05j),(-1.9632218e-05-4.5908774e-05j),(-4.7383993e-05-3.3935614e-05j),(-6.5262691e-05-7.8345556e-06j),(-6.7732424e-05+2.5080559e-05j),(-5.3592092e-05+5.6388461e-05j),(-2.5670712e-05+7.8359986e-05j),(9.8247448e-06+8.5599944e-05j),(4.470753e-05+7.6610414e-05j),(7.1274565e-05+5.4556981e-05j),(8.5116244e-05+2.6178746e-05j),(8.6511461e-05-1.126898e-06j),(7.9351616e-05-2.225323e-05j),(6.861989e-05-3.550246e-05j),(5.8328777e-05-4.1799868e-05j),(5.0781415e-05-4.3237359e-05j),(4.6808192e-05-4.1960195e-05j),(4.6325439e-05-3.9648962e-05j),(4.8824263e-05-3.7421073e-05j),(5.3680691e-05-3.592322e-05j),(6.0313136e-05-3.5470696e-05j),(6.824296e-05-3.6170955e-05j),(7.7103947e-05-3.8014537e-05j),(8.662949e-05-4.0934887e-05j),(9.6632075e-05-4.4844279e-05j),(0.0001069826-4.9654488e-05j),(0.00011759374-5.5286913e-05j),(0.00012840595-6.1675699e-05j),(0.00013937716-6.8769151e-05j),(0.00015047668-7.6527616e-05j),(0.00016167897-8.4921445e-05j),(0.00017296203-9.3929412e-05j),(0.00018430442-0.00010353524j),(0.00019568496-0.00011372762j),(0.00020708208-0.00012449664j),(0.00021847348-0.00013583494j),(0.0002298368-0.00014773453j),(0.00024114907-0.00016018861j),(0.00025238766-0.00017318871j),(0.00026352992-0.00018672708j),(0.0002745536-0.00020079374j),(0.00028543723-0.00021537934j),(0.00029615933-0.00023047226j),(0.00030670018-0.00024606122j),(0.00031703936-0.00026213335j)
SU,SG,SU,L,1,11,0,0,,(3.4737547e-08-1.5180966e-08j),(-2.2552182e-07+1.1579025e-07j),(4.8682338e-07+6.0256725e-07j),(1.5441632e-06-5.7022719e-07j),(7.0639144e-07-2.7576401e-06j),(-2.2362706e-06-3.6982918e-06j),(-5.646109e-06-2.0464214e-06j),(-7.5864219e-06+1.9372803e-06j),(-6.8540428e-06+6.9002877e-06j),(-3.2816534e-06+1.1145343e-05j),(2.3757369e-06+1.3207254e-05j),(8.7200443e-06+1.2230065e-05j),(1.4082523e-05+8.202227e-06j),(1.7004927e-05+2.022174e-06j),(1.6758645e-05-4.7356502e-06j),(1.3639342e-05-1.0400255e-05j),(8.7723992e-06-1.3866232e-05j),(3.523028e-06-1.4906996e-05j),(-1.0613462e-06-1.3993214e-05j),(-4.466512e-06-1.1875214e-05j),(-6.6227317e-06-9.2461887e-06j),(-7.7096298e-06-6.5970141e-06j),(-7.9932094e-06-4.2108156e-06j),(-7.7323801e-06-2.2147339e-06j),(-7.1404296e-06-6.3762043e-07j),(-6.3774433e-06+5.4550446e-07j),(-5.5562206e-06+1.3844963e-06j),(-4.7521803e-06+1.937182e-06j),(-4.0130349e-06+2.2603857e-06j),(-3.3667616e-06+2.4056953e-06j),(-2.8276572e-06+2.4179056e-06j),(-2.4007744e-06+2.3348457e-06j),(-2.0850499e-06+2.1878344e-06j),(-1.8754844e-06+2.0024383e-06j),(-1.764683e-06+1.7992434e-06j),(-1.7438648e-06+1.594601e-06j),(-1.8036169e-06+1.4013138e-06j),(-1.9343603e-06+1.2291823e-06j),(-2.126706e-06+1.0855534e-06j),(-2.3716765e-06+9.7569311e-07j),(-2.6608501e-06+9.0321777e-07j),(-2.9864641e-06+8.703446e-07j),(-3.3414432e-06+8.7823446e-07j),(-3.7194313e-06+9.2714962e-07j),(-4.1147653e-06+1.0167337e-06j),(-4.522449e-06+1.1460921e-06j),(-4.9381202e-06+1.314022e-06j),(-5.3579641e-06+1.5190377e-06j),(-5.7787135e-06+1.7595393e-06j),(-6.1975055e-06+2.0338273e-06j)
SU,SG,SU,V,1,1,0,0,(2.9815816-0.10062913j),(-2.4961077+1.463158j),(0.17928455+2.8082277j),(1.2040961+2.4659728j),(1.6080587+2.1484338j),(1.7894384+1.9293705j),(1.8793516+1.7781929j),(1.9293291+1.6675346j),(1.9625871+1.578229j),(1.9901237+1.49626j),(2.016166+1.410431j),(2.0397863+1.3114378j),(2.0551996+1.1924248j),(2.0523545+1.0509592j),(2.0193563+0.89155892j),(1.9472485+0.72655924j),(1.8351288+0.5729978j),(1.6916959+0.44614873j),(1.5315843+0.35396219j),(1.3694231+0.29601964j),(1.2157493+0.26637561j),(1.0761235+0.25724453j),(0.95224724+0.26147247j),(0.84353783+0.27352269j),(0.74836521+0.28953081j),(0.66480197+0.30698499j),(0.59099984+0.3243449j),(0.52534119+0.34072208j),(0.46647415+0.35564647j),(0.41329572+0.36890778j),(0.3649163+0.38045212j),(0.32062115+0.39031627j),(0.27983564+0.3985867j),(0.242096+0.40537448j),(0.20702567+0.41080016j),(0.17431668+0.41498493j),(0.14371508+0.41804561j),(0.11500959+0.42009202j),(0.088022804+0.42122584j),(0.062604358+0.42154027j),(0.03862561+0.42112015j),(0.015975453+0.42004247j),(-0.0054429208+0.41837686j),(-0.025714636+0.41618624j),(-0.044915131+0.41352741j),(-0.063111829+0.41045165j),(-0.080365388+0.40700527j),(-0.096730794+0.40323007j),(-0.11225816+0.39916386j),(-0.12699346+0.39484078j),(-0.14097903+0.39029174j)
SU,SG,SU,V,1,3,0,0,(-0.18106547-0.83321357j),(1.1657719-0.093118614j),(-0.053699241-1.4474904j),(-1.1195178-1.279028j),(-1.7512132-0.81621911j),(-2.130835-0.30140486j),(-2.3542087+0.21715859j),(-2.4644003+0.7331836j),(-2.4766129+1.2483465j),(-2.3900148+1.7617359j),(-2.1943907+2.2643192j),(-1.8763629+2.7344038j),(-1.4282375+3.1346515j),(-0.86032481+3.4143019j),(-0.2127081+3.5214326j),(0.44355859+3.425214j),(1.0244218+3.1365198j),(1.4634926+2.7093018j),(1.7342093+2.218744j),(1.849294+1.7328466j),(1.8439318+1.2959566j),(1.7578593+0.92783482j),(1.6248255+0.63093222j),(1.4693348+0.39850244j),(1.3074111+0.22035845j),(1.1486867+0.086058861j),(0.99845976-0.013681031j),(0.85928181-0.086562827j),(0.73205009-0.13874066j),(0.61671388-0.17503287j),(0.51271277-0.19917173j),(0.41923992-0.21403394j),(0.33539591-0.22183371j),(0.26027557-0.22427652j),(0.19301416-0.2226783j),(0.13280984-0.21805703j),(0.078932312-0.21120202j),(0.030723614-0.20272685j),(-0.012405023-0.1931093j),(-0.050978542-0.1827219j),(-0.085463976-0.17185514j),(-0.11627664-0.16073545j),(-0.14378585-0.14953879j),(-0.16832033-0.13840147j),(-0.19017298-0.12742832j),(-0.20960518-0.11669926j),(-0.22685054-0.1062743j),(-0.24211816-0.096197678j),(-0.2555956-0.086500965j),(-0.26745127-0.077205657j),(-0.27783674-0.068325206j)
SU,SG,SU,V,1,5,0,0,(-0.00053076767+0.0010526297j),(-0.0037434095+0.0016794203j),(0.0026052628+0.0060569882j),(0.0079376081+0.0053498925j),(0.012904748+0.0038187647j),(0.018189089+0.0014289678j),(0.023784981-0.00206641j),(0.02952285-0.0068925371j),(0.035097758-0.013294515j),(0.040008287-0.021486149j),(0.043524209-0.031527943j),(0.044724127-0.043158215j),(0.042653625-0.055609607j),(0.036651902-0.067503641j),(0.026804915-0.077000505j),(0.014274554-0.082335121j),(0.0011372087-0.082571928j),(-0.010349251-0.078061069j),(-0.018586641-0.070211195j),(-0.023013119-0.060792494j),(-0.023920747-0.051308854j),(-0.022035231-0.042732848j),(-0.018163334-0.035540047j),(-0.013005728-0.029862009j),(-0.0070992123-0.02563621j),(-0.00082558303-0.02271127j),(0.0055565573-0.020908597j),(0.011878426-0.020053734j),(0.018033604-0.019989765j),(0.023957648-0.020581356j),(0.029613886-0.021714399j),(0.034983831-0.023293683j),(0.040060649-0.025240054j),(0.044844903-0.027487804j),(0.049341823-0.02998221j),(0.05355938-0.03267752j),(0.057507164-0.035535356j),(0.061195594-0.0385233j),(0.0646354-0.041613888j),(0.067837366-0.0447837j),(0.070812074-0.048012687j),(0.073569855-0.051283621j),(0.076120668-0.054581626j),(0.078474123-0.057893842j),(0.080639419-0.061209102j),(0.082625397-0.064517717j),(0.084440498-0.067811252j),(0.086092831-0.071082383j),(0.087590124-0.07432474j),(0.088939807-0.0775328j),(0.090148959-0.080701792j)
SU,SG,SU,V,1,7,0,0,(4.5529026e-06+2.0153141e-06j),(2.3587284e-05-2.1856732e-05j),(-5.6225921e-05+1.0271551e-05j),(7.3938966e-06+6.3190544e-05j),(6.1043962e-05+5.0986808e-06j),(3.011253e-05-7.7492219e-05j),(-5.7304252e-05-0.00012301163j),(-0.00016084957-0.00012369615j),(-0.00026153548-9.526739e-05j),(-0.0003602096-5.1773304e-05j),(-0.00046513176+4.6641516e-06j),(-0.0005800769+8.2898573e-05j),(-0.00069730883+0.00019515817j),(-0.00079739356+0.00034672871j),(-0.00085676761+0.0005274363j),(-0.00086076759+0.00071077489j),(-0.00081437373+0.00086397413j),(-0.00074171546+0.00096364788j),(-0.00067412277+0.0010054294j),(-0.00063658212+0.0010016642j),(-0.00064146289+0.00097205262j),(-0.00068993507+0.00093520919j),(-0.0007766041+0.0009046503j),(-0.00089370797+0.00088840343j),(-0.0010336538+0.00089026219j),(-0.0011901127+0.0009113167j),(-0.0013582491+0.00095118183j),(-0.0015345494+0.0010088122j),(-0.0017165223+0.0010829773j),(-0.0019024061+0.0011725023j),(-0.0020909274+0.0012763626j),(-0.0022811211+0.0013937043j),(-0.0024722153+0.0015238258j),(-0.0026635511+0.0016661375j),(-0.0028545344+0.0018201363j),(-0.0030446217+0.0019853686j),(-0.0032332951+0.0021614087j),(-0.0034200726+0.0023478506j),(-0.0036044975+0.0025442839j),(-0.0037861452+0.0027503081j),(-0.0039646245+0.0029655094j),(-0.0041395738+0.0031894835j),(-0.0043106692+0.0034218136j),(-0.0044776132+0.0036620969j),(-0.0046401444+0.0039099207j),(-0.0047980259+0.0041648913j),(-0.0049510497+0.0044266065j),(-0.0050990337+0.0046946875j),(-0.0052418132+0.0049687483j),(-0.0053792542+0.0052484255j),(-0.005511228+0.0055333555j)
SU,SG,SU,V,1,9,0,0,(-2.1120783e-08+5.7735373e-08j),(1.5705318e-06-7.7311768e-07j),(-6.3376072e-06+1.4861417e-06j),(3.4969002e-06+1.343459e-05j),(2.2303325e-05+4.6667521e-06j),(2.5604064e-05-1.9584379e-05j),(8.6208501e-06-4.0633086e-05j),(-1.9695791e-05-4.6263149e-05j),(-4.7362273e-05-3.3930254e-05j),(-6.4945392e-05-7.7423015e-06j),(-6.7223152e-05+2.4927612e-05j),(-5.3214923e-05+5.5802659e-05j),(-2.5799314e-05+7.735258e-05j),(8.8971855e-06+8.4305975e-05j),(4.2792155e-05+7.5157651e-05j),(6.8206331e-05+5.2975897e-05j),(8.0641276e-05+2.4414126e-05j),(8.0233667e-05-3.1223641e-06j),(7.0770898e-05-2.442558e-05j),(5.7216806e-05-3.7665932e-05j),(4.3633171e-05-4.3666802e-05j),(3.2399106e-05-4.4469578e-05j),(2.4415295e-05-4.2210541e-05j),(1.9649876e-05-3.8583227e-05j),(1.7628089e-05-3.4724204e-05j),(1.7748501e-05-3.1297125e-05j),(1.9446645e-05-2.8629518e-05j),(2.2259893e-05-2.6836928e-05j),(2.5839074e-05-2.591547e-05j),(2.9936083e-05-2.5803379e-05j),(3.4383122e-05-2.6418294e-05j),(3.907145e-05-2.7678319e-05j),(4.3933703e-05-2.9512277e-05j),(4.8929577e-05-3.186294e-05j),(5.4035222e-05-3.468764e-05j),(5.9236631e-05-3.7956199e-05j),(6.452406e-05-4.1648454e-05j),(6.9889863e-05-4.5752287e-05j),(7.5326247e-05-5.0260528e-05j),(8.0824721e-05-5.5170251e-05j),(8.637585e-05-6.048011e-05j),(9.196896e-05-6.6190621e-05j),(9.7592824e-05-7.2302083e-05j),(0.00010323527-7.8815527e-05j),(0.00010888407-8.573093e-05j),(0.00011452656-9.3048672e-05j),(0.0001201502-0.00010076773j),(0.00012574266-0.0001088875j),(0.00013129149-0.00011740598j),(0.0001367851-0.00012632148j),(0.00014221135-0.00013563136j)
SU,SG,SU,V,1,11,0,0,,(3.7068537e-08-1.6190679e-08j),(-2.3947258e-07+1.2304319e-07j),(5.1400189e-07+6.3536471e-07j),(1.6161014e-06-5.9737657e-07j),(7.3508064e-07-2.8619091e-06j),(-2.2944844e-06-3.8117626e-06j),(-5.7606179e-06-2.1104067e-06j),(-7.7072417e-06+1.9292936e-06j),(-6.956151e-06+6.9237001e-06j),(-3.3677418e-06+1.1179708e-05j),(2.2971383e-06+1.3251901e-05j),(8.655112e-06+1.2295275e-05j),(1.4055331e-05+8.2885721e-06j),(1.7041651e-05+2.1058991e-06j),(1.6864759e-05-4.6983295e-06j),(1.3788032e-05-1.0451167e-05j),(8.9141485e-06-1.4021657e-05j),(3.6086346e-06-1.5149345e-05j),(-1.0609602e-06-1.4280533e-05j),(-4.55335e-06-1.2158357e-05j),(-6.7759628e-06-9.4830647e-06j),(-7.8945903e-06-6.7598072e-06j),(-8.170112e-06-4.2871775e-06j),(-7.8625806e-06-2.2055464e-06j),(-7.1900501e-06-5.5347867e-07j),(-6.3189303e-06+6.8782623e-07j),(-5.3685376e-06+1.5650245e-06j),(-4.4202071e-06+2.1349962e-06j),(-3.5265729e-06+2.4551733e-06j),(-2.7194169e-06+2.578715e-06j),(-2.0157638e-06+2.5524735e-06j),(-1.4224364e-06+2.4164723e-06j),(-9.3936534e-07+2.2041296e-06j),(-5.6195659e-07+1.9428478e-06j),(-2.8279899e-07+1.6547202e-06j),(-9.2854092e-08+1.3572464e-06j),(1.7681435e-08+1.0640273e-06j),(5.8785867e-08+7.8536956e-07j),(4.0199286e-08+5.2886277e-07j),(-2.8855579e-08+2.998459e-07j),(-1.3983782e-07+1.0186096e-07j),(-2.8499804e-07-6.3003518e-08j),(-4.5740434e-07-1.9376641e-07j),(-6.509563e-07-2.9031715e-07j),(-8.6034087e-07-3.5315607e-07j),(-1.0809899e-06-3.8324875e-07j),(-1.3090142e-06-3.8183469e-07j),(-1.5411234e-06-3.5035308e-07j),(-1.7745738e-06-2.9031071e-07j),(-2.0070606e-06-2.0324783e-07j)
